"No.","Time","Source","Destination","Protocol","Length","Info"
"1","0.000000000","Netgear_80:bf:16","IEEE-1905.1-Control","ieee1905","65","Topology discovery"
"2","0.098634378","Netgear_80:bf:16","LLDP_Multicast","LLDP","60","MA/08:36:c9:80:bf:16 MA/0a:36:c9:80:bf:17 180 "
"3","0.640318615","Netgear_80:bf:19","IEEE-1905.1-Control","ieee1905","60","Topology notification"
"4","0.641244913","Netgear_80:bf:16","IEEE-1905.1-Control","ieee1905","60","Topology notification"
"5","0.656894203","Netgear_80:bf:16","IEEE-1905.1-Control","ieee1905","60","Topology notification"
"6","1.599927077","0a:36:c9:80:bf:17","Spanning-tree-(for-bridges)_00","STP","60","Conf. Root = 28672/4095/08:36:c9:80:bf:16  Cost = 0  Port = 0x8003"
"7","3.471525107","Netgear_80:bf:19","IEEE-1905.1-Control","ieee1905","60","Topology notification"
"8","3.600987088","0a:36:c9:80:bf:17","Spanning-tree-(for-bridges)_00","STP","60","Conf. Root = 28672/4095/08:36:c9:80:bf:16  Cost = 0  Port = 0x8003"
"9","3.611731538","Netgear_80:bf:19","IEEE-1905.1-Control","ieee1905","60","Topology notification"
"10","3.612211126","Netgear_80:bf:16","IEEE-1905.1-Control","ieee1905","60","Topology notification"
"11","3.631345808","Netgear_80:bf:16","IEEE-1905.1-Control","ieee1905","60","Topology notification"
"12","4.040092155","Netgear_80:bf:16","IEEE-1905.1-Control","ieee1905","60","Topology notification"
"13","4.581866627","Netgear_80:bf:19","IEEE-1905.1-Control","ieee1905","60","Topology notification"
"14","4.611714531","Netgear_80:bf:19","IEEE-1905.1-Control","ieee1905","60","Topology notification"
"15","4.611714652","Netgear_80:bf:16","IEEE-1905.1-Control","ieee1905","60","Topology notification"
"16","5.602048383","0a:36:c9:80:bf:17","Spanning-tree-(for-bridges)_00","STP","60","Conf. Root = 28672/4095/08:36:c9:80:bf:16  Cost = 0  Port = 0x8003"
"17","7.602925087","0a:36:c9:80:bf:17","Spanning-tree-(for-bridges)_00","STP","60","Conf. Root = 28672/4095/08:36:c9:80:bf:16  Cost = 0  Port = 0x8003"
"18","9.603892910","0a:36:c9:80:bf:17","Spanning-tree-(for-bridges)_00","STP","60","Conf. Root = 28672/4095/08:36:c9:80:bf:16  Cost = 0  Port = 0x8003"
"19","11.604975763","0a:36:c9:80:bf:17","Spanning-tree-(for-bridges)_00","STP","60","Conf. Root = 28672/4095/08:36:c9:80:bf:16  Cost = 0  Port = 0x8003"
"20","13.605807917","0a:36:c9:80:bf:17","Spanning-tree-(for-bridges)_00","STP","60","Conf. Root = 28672/4095/08:36:c9:80:bf:16  Cost = 0  Port = 0x8003"
"21","13.969727799","Netgear_80:bf:19","IEEE-1905.1-Control","ieee1905","65","Topology discovery"
"22","14.069346365","Netgear_80:bf:19","LLDP_Multicast","LLDP","60","MA/08:36:c9:80:bf:19 MA/0a:36:c9:80:bf:17 180 "
"23","15.606850065","0a:36:c9:80:bf:17","Spanning-tree-(for-bridges)_00","STP","60","Conf. Root = 28672/4095/08:36:c9:80:bf:16  Cost = 0  Port = 0x8003"
"24","17.607862159","0a:36:c9:80:bf:17","Spanning-tree-(for-bridges)_00","STP","60","Conf. Root = 28672/4095/08:36:c9:80:bf:16  Cost = 0  Port = 0x8003"
"25","18.897112382","192.168.254.22","224.0.0.251","MDNS","83","Standard query 0x0000 PTR _sleep-proxy._udp.local, ""QM"" question"
"26","18.983934931","192.168.254.188","224.0.0.251","MDNS","239","Standard query response 0x0000 PTR 70-35-60-63.1 Bedroom._sleep-proxy._udp.local TXT, cache flush SRV, cache flush 0 0 63348 Bedroom.local AAAA, cache flush fe80::d7:a130:ed8c:16bb A, cache flush 192.168.254.188 NSEC, cache flush 70-35-60-63.1 Bedroom._sleep-proxy._udp.local NSEC, cache flush Bedroom.local"
"27","18.984257697","fe80::d7:a130:ed8c:16bb","ff02::fb","MDNS","259","Standard query response 0x0000 PTR 70-35-60-63.1 Bedroom._sleep-proxy._udp.local TXT, cache flush SRV, cache flush 0 0 63348 Bedroom.local AAAA, cache flush fe80::d7:a130:ed8c:16bb A, cache flush 192.168.254.188 NSEC, cache flush 70-35-60-63.1 Bedroom._sleep-proxy._udp.local NSEC, cache flush Bedroom.local"
"28","19.296482333","192.168.254.200","224.0.0.251","MDNS","247","Standard query response 0x0000 PTR 70-35-60-63.1 Living Room._sleep-proxy._udp.local TXT, cache flush SRV, cache flush 0 0 55291 Living-Room.local AAAA, cache flush fe80::8b:4fef:11f5:9580 A, cache flush 192.168.254.200 NSEC, cache flush 70-35-60-63.1 Living Room._sleep-proxy._udp.local NSEC, cache flush Living-Room.local"
"29","19.296841516","fe80::8b:4fef:11f5:9580","ff02::fb","MDNS","267","Standard query response 0x0000 PTR 70-35-60-63.1 Living Room._sleep-proxy._udp.local TXT, cache flush SRV, cache flush 0 0 55291 Living-Room.local AAAA, cache flush fe80::8b:4fef:11f5:9580 A, cache flush 192.168.254.200 NSEC, cache flush 70-35-60-63.1 Living Room._sleep-proxy._udp.local NSEC, cache flush Living-Room.local"
"30","19.608834506","0a:36:c9:80:bf:17","Spanning-tree-(for-bridges)_00","STP","60","Conf. Root = 28672/4095/08:36:c9:80:bf:16  Cost = 0  Port = 0x8003"
"31","21.612276492","0a:36:c9:80:bf:17","Spanning-tree-(for-bridges)_00","STP","60","Conf. Root = 28672/4095/08:36:c9:80:bf:16  Cost = 0  Port = 0x8003"
"32","21.991066341","192.168.254.173","192.168.254.45","NBNS","92","Name query NBSTAT *<00><00><00><00><00><00><00><00><00><00><00><00><00><00><00>"
"33","21.991092784","192.168.254.45","192.168.254.173","ICMP","120","Destination unreachable (Port unreachable)"
"34","23.610778275","0a:36:c9:80:bf:17","Spanning-tree-(for-bridges)_00","STP","60","Conf. Root = 28672/4095/08:36:c9:80:bf:16  Cost = 0  Port = 0x8003"
"35","25.611797424","0a:36:c9:80:bf:17","Spanning-tree-(for-bridges)_00","STP","60","Conf. Root = 28672/4095/08:36:c9:80:bf:16  Cost = 0  Port = 0x8003"
"36","26.399249430","192.168.254.22","224.0.0.251","MDNS","87","Standard query 0x0000 PTR _spotify-connect._tcp.local, ""QM"" question"
"37","26.399295920","fe80::40e:e623:a030:a8e5","ff02::fb","MDNS","107","Standard query 0x0000 PTR _spotify-connect._tcp.local, ""QM"" question"
"38","27.211536612","PcsCompu_12:5d:03","Netgear_80:bf:16","ARP","42","Who has 192.168.254.173? Tell 192.168.254.45"
"39","27.211833155","Netgear_80:bf:16","PcsCompu_12:5d:03","ARP","60","192.168.254.173 is at 08:36:c9:80:bf:16"
"40","27.612748822","0a:36:c9:80:bf:17","Spanning-tree-(for-bridges)_00","STP","60","Conf. Root = 28672/4095/08:36:c9:80:bf:16  Cost = 0  Port = 0x8003"
"41","28.265060222","192.168.254.22","239.255.255.250","SSDP","167","M-SEARCH * HTTP/1.1 "
"42","29.613746091","0a:36:c9:80:bf:17","Spanning-tree-(for-bridges)_00","STP","60","Conf. Root = 28672/4095/08:36:c9:80:bf:16  Cost = 0  Port = 0x8003"
"43","31.614871912","0a:36:c9:80:bf:17","Spanning-tree-(for-bridges)_00","STP","60","Conf. Root = 28672/4095/08:36:c9:80:bf:16  Cost = 0  Port = 0x8003"
"44","33.615757768","0a:36:c9:80:bf:17","Spanning-tree-(for-bridges)_00","STP","60","Conf. Root = 28672/4095/08:36:c9:80:bf:16  Cost = 0  Port = 0x8003"
"45","35.031092360","Netgear_80:bf:16","IEEE-1905.1-Control","ieee1905","60","Topology notification"
"46","35.434441331","Netgear_81:33:16","Broadcast","ARP","60","Who has 192.168.254.254? Tell 192.168.254.184"
"47","35.507522304","Netgear_80:bf:19","IEEE-1905.1-Control","ieee1905","60","Topology notification"
"48","35.616686248","0a:36:c9:80:bf:17","Spanning-tree-(for-bridges)_00","STP","60","Conf. Root = 28672/4095/08:36:c9:80:bf:16  Cost = 0  Port = 0x8003"
"49","37.617886857","0a:36:c9:80:bf:17","Spanning-tree-(for-bridges)_00","STP","60","Conf. Root = 28672/4095/08:36:c9:80:bf:16  Cost = 0  Port = 0x8003"
"50","39.618730081","0a:36:c9:80:bf:17","Spanning-tree-(for-bridges)_00","STP","60","Conf. Root = 28672/4095/08:36:c9:80:bf:16  Cost = 0  Port = 0x8003"
"51","41.619688881","0a:36:c9:80:bf:17","Spanning-tree-(for-bridges)_00","STP","60","Conf. Root = 28672/4095/08:36:c9:80:bf:16  Cost = 0  Port = 0x8003"
"52","43.620615149","0a:36:c9:80:bf:17","Spanning-tree-(for-bridges)_00","STP","60","Conf. Root = 28672/4095/08:36:c9:80:bf:16  Cost = 0  Port = 0x8003"
"53","45.621675631","0a:36:c9:80:bf:17","Spanning-tree-(for-bridges)_00","STP","60","Conf. Root = 28672/4095/08:36:c9:80:bf:16  Cost = 0  Port = 0x8003"
"54","47.622634659","0a:36:c9:80:bf:17","Spanning-tree-(for-bridges)_00","STP","60","Conf. Root = 28672/4095/08:36:c9:80:bf:16  Cost = 0  Port = 0x8003"
"55","49.623699474","0a:36:c9:80:bf:17","Spanning-tree-(for-bridges)_00","STP","60","Conf. Root = 28672/4095/08:36:c9:80:bf:16  Cost = 0  Port = 0x8003"
"56","51.627043427","0a:36:c9:80:bf:17","Spanning-tree-(for-bridges)_00","STP","60","Conf. Root = 28672/4095/08:36:c9:80:bf:16  Cost = 0  Port = 0x8003"
"57","53.027146004","Netgear_80:bf:16","IEEE-1905.1-Control","ieee1905","65","Topology discovery"
"58","53.125773557","Netgear_80:bf:16","LLDP_Multicast","LLDP","60","MA/08:36:c9:80:bf:16 MA/0a:36:c9:80:bf:17 180 "
"59","53.625631503","0a:36:c9:80:bf:17","Spanning-tree-(for-bridges)_00","STP","60","Conf. Root = 28672/4095/08:36:c9:80:bf:16  Cost = 0  Port = 0x8003"
"60","55.626736730","0a:36:c9:80:bf:17","Spanning-tree-(for-bridges)_00","STP","60","Conf. Root = 28672/4095/08:36:c9:80:bf:16  Cost = 0  Port = 0x8003"
"61","57.366073939","Netgear_6d:60:fb","Broadcast","ARP","60","Who has 192.168.254.124? Tell 192.168.254.87"
"62","57.627568231","0a:36:c9:80:bf:17","Spanning-tree-(for-bridges)_00","STP","60","Conf. Root = 28672/4095/08:36:c9:80:bf:16  Cost = 0  Port = 0x8003"
"63","59.628622699","0a:36:c9:80:bf:17","Spanning-tree-(for-bridges)_00","STP","60","Conf. Root = 28672/4095/08:36:c9:80:bf:16  Cost = 0  Port = 0x8003"
"64","61.099574411","Netgear_80:bf:16","IEEE-1905.1-Control","ieee1905","60","Topology notification"
"65","61.629636627","0a:36:c9:80:bf:17","Spanning-tree-(for-bridges)_00","STP","60","Conf. Root = 28672/4095/08:36:c9:80:bf:16  Cost = 0  Port = 0x8003"
"66","61.680222490","Netgear_80:bf:19","IEEE-1905.1-Control","ieee1905","60","Topology notification"
"67","61.790701775","Netgear_80:bf:19","IEEE-1905.1-Control","ieee1905","60","Topology notification"
"68","61.791298030","Netgear_80:bf:16","IEEE-1905.1-Control","ieee1905","60","Topology notification"
"69","61.806521791","Netgear_80:bf:16","IEEE-1905.1-Control","ieee1905","60","Topology notification"
"70","62.102381802","Netgear_80:bf:16","IEEE-1905.1-Control","ieee1905","60","Topology notification"
"71","62.920680862","Netgear_80:bf:19","IEEE-1905.1-Control","ieee1905","60","Topology notification"
"72","63.630617205","0a:36:c9:80:bf:17","Spanning-tree-(for-bridges)_00","STP","60","Conf. Root = 28672/4095/08:36:c9:80:bf:16  Cost = 0  Port = 0x8003"
"73","64.077130971","Netgear_80:bf:16","IEEE-1905.1-Control","ieee1905","60","Topology notification"
"74","65.632004787","0a:36:c9:80:bf:17","Spanning-tree-(for-bridges)_00","STP","60","Conf. Root = 28672/4095/08:36:c9:80:bf:16  Cost = 0  Port = 0x8003"
"75","67.632863041","0a:36:c9:80:bf:17","Spanning-tree-(for-bridges)_00","STP","60","Conf. Root = 28672/4095/08:36:c9:80:bf:16  Cost = 0  Port = 0x8003"
"76","69.633696173","0a:36:c9:80:bf:17","Spanning-tree-(for-bridges)_00","STP","60","Conf. Root = 28672/4095/08:36:c9:80:bf:16  Cost = 0  Port = 0x8003"
"77","71.634558404","0a:36:c9:80:bf:17","Spanning-tree-(for-bridges)_00","STP","60","Conf. Root = 28672/4095/08:36:c9:80:bf:16  Cost = 0  Port = 0x8003"
"78","72.999531028","Netgear_80:bf:19","IEEE-1905.1-Control","ieee1905","65","Topology discovery"
"79","73.099124734","Netgear_80:bf:19","LLDP_Multicast","LLDP","60","MA/08:36:c9:80:bf:19 MA/0a:36:c9:80:bf:17 180 "
"80","73.635694791","0a:36:c9:80:bf:17","Spanning-tree-(for-bridges)_00","STP","60","Conf. Root = 28672/4095/08:36:c9:80:bf:16  Cost = 0  Port = 0x8003"
"81","75.636504952","0a:36:c9:80:bf:17","Spanning-tree-(for-bridges)_00","STP","60","Conf. Root = 28672/4095/08:36:c9:80:bf:16  Cost = 0  Port = 0x8003"
"82","77.637488713","0a:36:c9:80:bf:17","Spanning-tree-(for-bridges)_00","STP","60","Conf. Root = 28672/4095/08:36:c9:80:bf:16  Cost = 0  Port = 0x8003"
"83","78.057321007","192.168.254.173","192.168.254.45","NBNS","92","Name query NBSTAT *<00><00><00><00><00><00><00><00><00><00><00><00><00><00><00>"
"84","78.057349986","192.168.254.45","192.168.254.173","ICMP","120","Destination unreachable (Port unreachable)"
"85","79.638538557","0a:36:c9:80:bf:17","Spanning-tree-(for-bridges)_00","STP","60","Conf. Root = 28672/4095/08:36:c9:80:bf:16  Cost = 0  Port = 0x8003"
"86","81.639605007","0a:36:c9:80:bf:17","Spanning-tree-(for-bridges)_00","STP","60","Conf. Root = 28672/4095/08:36:c9:80:bf:16  Cost = 0  Port = 0x8003"
"87","83.262278816","PcsCompu_12:5d:03","Netgear_80:bf:16","ARP","42","Who has 192.168.254.173? Tell 192.168.254.45"
"88","83.262553378","Netgear_80:bf:16","PcsCompu_12:5d:03","ARP","60","192.168.254.173 is at 08:36:c9:80:bf:16"
"89","83.640633784","0a:36:c9:80:bf:17","Spanning-tree-(for-bridges)_00","STP","60","Conf. Root = 28672/4095/08:36:c9:80:bf:16  Cost = 0  Port = 0x8003"
"90","85.641489131","0a:36:c9:80:bf:17","Spanning-tree-(for-bridges)_00","STP","60","Conf. Root = 28672/4095/08:36:c9:80:bf:16  Cost = 0  Port = 0x8003"
"91","87.642403539","0a:36:c9:80:bf:17","Spanning-tree-(for-bridges)_00","STP","60","Conf. Root = 28672/4095/08:36:c9:80:bf:16  Cost = 0  Port = 0x8003"
"92","89.417053233","192.168.254.22","239.255.255.250","SSDP","211","M-SEARCH * HTTP/1.1 "
"93","89.643403803","0a:36:c9:80:bf:17","Spanning-tree-(for-bridges)_00","STP","60","Conf. Root = 28672/4095/08:36:c9:80:bf:16  Cost = 0  Port = 0x8003"
"94","90.418236242","192.168.254.22","239.255.255.250","SSDP","211","M-SEARCH * HTTP/1.1 "
"95","91.419008757","192.168.254.22","239.255.255.250","SSDP","211","M-SEARCH * HTTP/1.1 "
"96","91.644483165","0a:36:c9:80:bf:17","Spanning-tree-(for-bridges)_00","STP","60","Conf. Root = 28672/4095/08:36:c9:80:bf:16  Cost = 0  Port = 0x8003"
"97","92.420186159","192.168.254.22","239.255.255.250","SSDP","211","M-SEARCH * HTTP/1.1 "
"98","93.388419320","192.168.254.254","224.0.0.1","IGMPv3","60","Membership Query, general"
"99","93.645439703","0a:36:c9:80:bf:17","Spanning-tree-(for-bridges)_00","STP","60","Conf. Root = 28672/4095/08:36:c9:80:bf:16  Cost = 0  Port = 0x8003"
"100","94.147722775","Netgear_80:bf:16","IEEE-1905.1-Control","ieee1905","60","Topology notification"
"101","94.556550282","Netgear_80:bf:19","IEEE-1905.1-Control","ieee1905","60","Topology notification"
"102","95.646372103","0a:36:c9:80:bf:17","Spanning-tree-(for-bridges)_00","STP","60","Conf. Root = 28672/4095/08:36:c9:80:bf:16  Cost = 0  Port = 0x8003"
"103","96.623692964","Netgear_81:33:16","Broadcast","ARP","60","Who has 192.168.254.254? Tell 192.168.254.184"
"104","97.396469831","192.168.254.188","224.0.0.22","IGMPv3","60","Membership Report / Join group 224.0.0.251 for any sources"
"105","97.399922754","Netgear_80:bf:16","IEEE-1905.1-Control","ieee1905","60","Topology notification"
"106","97.647393088","0a:36:c9:80:bf:17","Spanning-tree-(for-bridges)_00","STP","60","Conf. Root = 28672/4095/08:36:c9:80:bf:16  Cost = 0  Port = 0x8003"
"107","97.818186537","Netgear_80:bf:19","IEEE-1905.1-Control","ieee1905","60","Topology notification"
"108","99.595478019","192.168.254.200","224.0.0.22","IGMPv3","60","Membership Report / Join group 224.0.0.251 for any sources"
"109","99.599705251","Netgear_80:bf:16","IEEE-1905.1-Control","ieee1905","60","Topology notification"
"110","99.648338833","0a:36:c9:80:bf:17","Spanning-tree-(for-bridges)_00","STP","60","Conf. Root = 28672/4095/08:36:c9:80:bf:16  Cost = 0  Port = 0x8003"
"111","100.139245481","Netgear_80:bf:19","IEEE-1905.1-Control","ieee1905","60","Topology notification"
"112","100.294720083","192.168.254.87","224.0.0.22","IGMPv3","60","Membership Report / Join group 224.0.0.251 for any sources"
"113","100.600652107","Netgear_80:bf:16","IEEE-1905.1-Control","ieee1905","60","Topology notification"
"114","101.239654916","Netgear_80:bf:19","IEEE-1905.1-Control","ieee1905","60","Topology notification"
"115","101.649264818","0a:36:c9:80:bf:17","Spanning-tree-(for-bridges)_00","STP","60","Conf. Root = 28672/4095/08:36:c9:80:bf:16  Cost = 0  Port = 0x8003"
"116","103.650342195","0a:36:c9:80:bf:17","Spanning-tree-(for-bridges)_00","STP","60","Conf. Root = 28672/4095/08:36:c9:80:bf:16  Cost = 0  Port = 0x8003"
"117","105.651377697","0a:36:c9:80:bf:17","Spanning-tree-(for-bridges)_00","STP","60","Conf. Root = 28672/4095/08:36:c9:80:bf:16  Cost = 0  Port = 0x8003"
"118","106.053428230","Netgear_80:bf:16","IEEE-1905.1-Control","ieee1905","65","Topology discovery"
"119","106.152647658","Netgear_80:bf:16","LLDP_Multicast","LLDP","60","MA/08:36:c9:80:bf:16 MA/0a:36:c9:80:bf:17 180 "
"120","107.652282060","0a:36:c9:80:bf:17","Spanning-tree-(for-bridges)_00","STP","60","Conf. Root = 28672/4095/08:36:c9:80:bf:16  Cost = 0  Port = 0x8003"
"121","109.653374581","0a:36:c9:80:bf:17","Spanning-tree-(for-bridges)_00","STP","60","Conf. Root = 28672/4095/08:36:c9:80:bf:16  Cost = 0  Port = 0x8003"
"122","111.654339880","0a:36:c9:80:bf:17","Spanning-tree-(for-bridges)_00","STP","60","Conf. Root = 28672/4095/08:36:c9:80:bf:16  Cost = 0  Port = 0x8003"
"123","113.655290234","0a:36:c9:80:bf:17","Spanning-tree-(for-bridges)_00","STP","60","Conf. Root = 28672/4095/08:36:c9:80:bf:16  Cost = 0  Port = 0x8003"
"124","115.656370183","0a:36:c9:80:bf:17","Spanning-tree-(for-bridges)_00","STP","60","Conf. Root = 28672/4095/08:36:c9:80:bf:16  Cost = 0  Port = 0x8003"
"125","117.657243922","0a:36:c9:80:bf:17","Spanning-tree-(for-bridges)_00","STP","60","Conf. Root = 28672/4095/08:36:c9:80:bf:16  Cost = 0  Port = 0x8003"
"126","118.013836524","Netgear_6d:60:fb","Broadcast","ARP","60","Who has 192.168.254.125? Tell 192.168.254.87"
"127","118.478296598","Netgear_80:bf:19","IEEE-1905.1-Control","ieee1905","60","Topology notification"
"128","119.548868307","Netgear_80:bf:19","IEEE-1905.1-Control","ieee1905","60","Topology notification"
"129","119.577867016","Netgear_80:bf:16","IEEE-1905.1-Control","ieee1905","60","Topology notification"
"130","119.660396500","0a:36:c9:80:bf:17","Spanning-tree-(for-bridges)_00","STP","60","Conf. Root = 28672/4095/08:36:c9:80:bf:16  Cost = 0  Port = 0x8003"
"131","120.429074951","Netgear_80:bf:19","IEEE-1905.1-Control","ieee1905","60","Topology notification"
"132","121.659218201","0a:36:c9:80:bf:17","Spanning-tree-(for-bridges)_00","STP","60","Conf. Root = 28672/4095/08:36:c9:80:bf:16  Cost = 0  Port = 0x8003"
"133","123.660374238","0a:36:c9:80:bf:17","Spanning-tree-(for-bridges)_00","STP","60","Conf. Root = 28672/4095/08:36:c9:80:bf:16  Cost = 0  Port = 0x8003"
"134","125.661199878","0a:36:c9:80:bf:17","Spanning-tree-(for-bridges)_00","STP","60","Conf. Root = 28672/4095/08:36:c9:80:bf:16  Cost = 0  Port = 0x8003"
"135","127.662248780","0a:36:c9:80:bf:17","Spanning-tree-(for-bridges)_00","STP","60","Conf. Root = 28672/4095/08:36:c9:80:bf:16  Cost = 0  Port = 0x8003"
"136","129.663148504","0a:36:c9:80:bf:17","Spanning-tree-(for-bridges)_00","STP","60","Conf. Root = 28672/4095/08:36:c9:80:bf:16  Cost = 0  Port = 0x8003"
"137","131.029366852","Netgear_80:bf:19","IEEE-1905.1-Control","ieee1905","65","Topology discovery"
"138","131.128954124","Netgear_80:bf:19","LLDP_Multicast","LLDP","60","MA/08:36:c9:80:bf:19 MA/0a:36:c9:80:bf:17 180 "
"139","131.664308429","0a:36:c9:80:bf:17","Spanning-tree-(for-bridges)_00","STP","60","Conf. Root = 28672/4095/08:36:c9:80:bf:16  Cost = 0  Port = 0x8003"
"140","133.665227198","0a:36:c9:80:bf:17","Spanning-tree-(for-bridges)_00","STP","60","Conf. Root = 28672/4095/08:36:c9:80:bf:16  Cost = 0  Port = 0x8003"
"141","133.977359549","192.168.254.173","192.168.254.45","NBNS","92","Name query NBSTAT *<00><00><00><00><00><00><00><00><00><00><00><00><00><00><00>"
"142","133.977390613","192.168.254.45","192.168.254.173","ICMP","120","Destination unreachable (Port unreachable)"
"143","135.666107887","0a:36:c9:80:bf:17","Spanning-tree-(for-bridges)_00","STP","60","Conf. Root = 28672/4095/08:36:c9:80:bf:16  Cost = 0  Port = 0x8003"
"144","137.667152016","0a:36:c9:80:bf:17","Spanning-tree-(for-bridges)_00","STP","60","Conf. Root = 28672/4095/08:36:c9:80:bf:16  Cost = 0  Port = 0x8003"
"145","139.131545915","PcsCompu_12:5d:03","Netgear_80:bf:16","ARP","42","Who has 192.168.254.173? Tell 192.168.254.45"
"146","139.131974643","Netgear_80:bf:16","PcsCompu_12:5d:03","ARP","60","192.168.254.173 is at 08:36:c9:80:bf:16"
"147","139.668143099","0a:36:c9:80:bf:17","Spanning-tree-(for-bridges)_00","STP","60","Conf. Root = 28672/4095/08:36:c9:80:bf:16  Cost = 0  Port = 0x8003"
"148","141.669265875","0a:36:c9:80:bf:17","Spanning-tree-(for-bridges)_00","STP","60","Conf. Root = 28672/4095/08:36:c9:80:bf:16  Cost = 0  Port = 0x8003"
"149","143.670120341","0a:36:c9:80:bf:17","Spanning-tree-(for-bridges)_00","STP","60","Conf. Root = 28672/4095/08:36:c9:80:bf:16  Cost = 0  Port = 0x8003"
"150","145.671065792","0a:36:c9:80:bf:17","Spanning-tree-(for-bridges)_00","STP","60","Conf. Root = 28672/4095/08:36:c9:80:bf:16  Cost = 0  Port = 0x8003"
"151","146.459477325","192.168.254.22","224.0.0.251","MDNS","87","Standard query 0x0000 PTR _spotify-connect._tcp.local, ""QM"" question"
"152","146.459586675","fe80::40e:e623:a030:a8e5","ff02::fb","MDNS","107","Standard query 0x0000 PTR _spotify-connect._tcp.local, ""QM"" question"
"153","146.464751984","Netgear_80:bf:16","IEEE-1905.1-Control","ieee1905","60","Topology notification"
"154","146.922153321","Netgear_80:bf:19","IEEE-1905.1-Control","ieee1905","60","Topology notification"
"155","147.672096983","0a:36:c9:80:bf:17","Spanning-tree-(for-bridges)_00","STP","60","Conf. Root = 28672/4095/08:36:c9:80:bf:16  Cost = 0  Port = 0x8003"
"156","148.325321521","192.168.254.22","239.255.255.250","SSDP","167","M-SEARCH * HTTP/1.1 "
"157","149.674561684","0a:36:c9:80:bf:17","Spanning-tree-(for-bridges)_00","STP","60","Conf. Root = 28672/4095/08:36:c9:80:bf:16  Cost = 0  Port = 0x8003"
"158","151.586790864","Netgear_80:bf:16","IEEE-1905.1-Control","ieee1905","60","Topology notification"
"159","151.674116644","0a:36:c9:80:bf:17","Spanning-tree-(for-bridges)_00","STP","60","Conf. Root = 28672/4095/08:36:c9:80:bf:16  Cost = 0  Port = 0x8003"
"160","151.994875944","Netgear_80:bf:19","IEEE-1905.1-Control","ieee1905","60","Topology notification"
"161","152.041763026","Netgear_81:33:16","Broadcast","ARP","60","Who has 192.168.254.254? Tell 192.168.254.184"
"162","153.675027636","0a:36:c9:80:bf:17","Spanning-tree-(for-bridges)_00","STP","60","Conf. Root = 28672/4095/08:36:c9:80:bf:16  Cost = 0  Port = 0x8003"
"163","155.676059669","0a:36:c9:80:bf:17","Spanning-tree-(for-bridges)_00","STP","60","Conf. Root = 28672/4095/08:36:c9:80:bf:16  Cost = 0  Port = 0x8003"
"164","157.677032232","0a:36:c9:80:bf:17","Spanning-tree-(for-bridges)_00","STP","60","Conf. Root = 28672/4095/08:36:c9:80:bf:16  Cost = 0  Port = 0x8003"
"165","159.679035064","0a:36:c9:80:bf:17","Spanning-tree-(for-bridges)_00","STP","60","Conf. Root = 28672/4095/08:36:c9:80:bf:16  Cost = 0  Port = 0x8003"
"166","161.062788501","32:4e:d0:cf:4d:a6","Broadcast","ARP","60","Who has 192.168.254.254? Tell 192.168.254.95"
"167","161.082777457","Netgear_80:bf:16","IEEE-1905.1-Control","ieee1905","65","Topology discovery"
"168","161.179946870","Netgear_80:bf:16","LLDP_Multicast","LLDP","60","MA/08:36:c9:80:bf:16 MA/0a:36:c9:80:bf:17 180 "
"169","161.678996334","0a:36:c9:80:bf:17","Spanning-tree-(for-bridges)_00","STP","60","Conf. Root = 28672/4095/08:36:c9:80:bf:16  Cost = 0  Port = 0x8003"
"170","163.680014698","0a:36:c9:80:bf:17","Spanning-tree-(for-bridges)_00","STP","60","Conf. Root = 28672/4095/08:36:c9:80:bf:16  Cost = 0  Port = 0x8003"
"171","165.680949719","0a:36:c9:80:bf:17","Spanning-tree-(for-bridges)_00","STP","60","Conf. Root = 28672/4095/08:36:c9:80:bf:16  Cost = 0  Port = 0x8003"
"172","167.681979485","0a:36:c9:80:bf:17","Spanning-tree-(for-bridges)_00","STP","60","Conf. Root = 28672/4095/08:36:c9:80:bf:16  Cost = 0  Port = 0x8003"
"173","169.686114225","0a:36:c9:80:bf:17","Spanning-tree-(for-bridges)_00","STP","60","Conf. Root = 28672/4095/08:36:c9:80:bf:16  Cost = 0  Port = 0x8003"
"174","171.686960257","0a:36:c9:80:bf:17","Spanning-tree-(for-bridges)_00","STP","60","Conf. Root = 28672/4095/08:36:c9:80:bf:16  Cost = 0  Port = 0x8003"
"175","173.685100971","0a:36:c9:80:bf:17","Spanning-tree-(for-bridges)_00","STP","60","Conf. Root = 28672/4095/08:36:c9:80:bf:16  Cost = 0  Port = 0x8003"
"176","175.685938612","0a:36:c9:80:bf:17","Spanning-tree-(for-bridges)_00","STP","60","Conf. Root = 28672/4095/08:36:c9:80:bf:16  Cost = 0  Port = 0x8003"
"177","177.687056468","0a:36:c9:80:bf:17","Spanning-tree-(for-bridges)_00","STP","60","Conf. Root = 28672/4095/08:36:c9:80:bf:16  Cost = 0  Port = 0x8003"
"178","178.641907366","Netgear_6d:60:fb","Broadcast","ARP","60","Who has 192.168.254.126? Tell 192.168.254.87"
"179","179.688041881","0a:36:c9:80:bf:17","Spanning-tree-(for-bridges)_00","STP","60","Conf. Root = 28672/4095/08:36:c9:80:bf:16  Cost = 0  Port = 0x8003"
"180","181.262776451","fe80::40e:e623:a030:a8e5","ff02::c","UDP","718","55861  >  3702 Len=656"
"181","181.262964668","192.168.254.22","239.255.255.250","UDP","698","55860  >  3702 Len=656"
"182","181.380130644","fe80::40e:e623:a030:a8e5","ff02::c","UDP","718","55861  >  3702 Len=656"
"183","181.502182914","192.168.254.22","239.255.255.250","UDP","698","55860  >  3702 Len=656"
"184","181.614249644","fe80::40e:e623:a030:a8e5","ff02::c","UDP","718","55861  >  3702 Len=656"
"185","181.688888589","0a:36:c9:80:bf:17","Spanning-tree-(for-bridges)_00","STP","60","Conf. Root = 28672/4095/08:36:c9:80:bf:16  Cost = 0  Port = 0x8003"
"186","181.980523282","192.168.254.22","239.255.255.250","UDP","698","55860  >  3702 Len=656"
"187","182.082561130","fe80::40e:e623:a030:a8e5","ff02::c","UDP","718","55861  >  3702 Len=656"
